<?xml version="1.0" encoding="UTF-8"?>
<project-private xmlns="http://www.netbeans.org/ns/project-private/1">
    <editor-bookmarks xmlns="http://www.netbeans.org/ns/editor-bookmarks/2" lastBookmarkId="0"/>
    <open-files xmlns="http://www.netbeans.org/ns/projectui-open-files/2">
        <group>
            <file>file:/C:/Users/sando/OneDrive/Área%20de%20Trabalho/3%20PERIODO/P3/SISTEMA_ACADEMICO/Sistema_academico/src/sistema_academico/Menu_principal.java</file>
            <file>file:/C:/Users/sando/OneDrive/Área%20de%20Trabalho/3%20PERIODO/P3/SISTEMA_ACADEMICO/Sistema_academico/src/sistema_academico/Recursos_fisicos.java</file>
            <file>file:/C:/Users/sando/OneDrive/Área%20de%20Trabalho/3%20PERIODO/P3/SISTEMA_ACADEMICO/Sistema_academico/src/sistema_academico/Professores.java</file>
            <file>file:/C:/Users/sando/OneDrive/Área%20de%20Trabalho/3%20PERIODO/P3/SISTEMA_ACADEMICO/Sistema_academico/src/sistema_academico/Despesas.java</file>
            <file>file:/C:/Users/sando/OneDrive/Área%20de%20Trabalho/3%20PERIODO/P3/SISTEMA_ACADEMICO/Sistema_academico/src/sistema_academico/Alunos.java</file>
            <file>file:/C:/Users/sando/OneDrive/Área%20de%20Trabalho/3%20PERIODO/P3/SISTEMA_ACADEMICO/Sistema_academico/src/sistema_academico/Eventos.java</file>
            <file>file:/C:/Users/sando/OneDrive/Área%20de%20Trabalho/3%20PERIODO/P3/SISTEMA_ACADEMICO/Sistema_academico/src/sistema_academico/Funcionarios.java</file>
            <file>file:/C:/Users/sando/OneDrive/Área%20de%20Trabalho/3%20PERIODO/P3/SISTEMA_ACADEMICO/Sistema_academico/src/sistema_academico/Pessoas.java</file>
        </group>
    </open-files>
</project-private>
